{
  "count": 134,
  "min": 2,
  "max": 6585,
  "mean": 2795.5597014925374,
  "median": 3264.0,
  "p10": 176.10000000000002,
  "p20": 441.8,
  "p30": 625.9
}